id,Name,Loss,val_loss,precision,val_precision,test_1_precision,test_2_precision,test_3_precision,test_4_precision,test_5_precision,test_6_precision,test_7_precision,test_8_precision,test_9_precision,test_10_precision,precision_ev,recall,val_recall,test_1_recall,test_2_recall,test_3_recall,test_4_recall,test_5_recall,test_6_recall,test_7_recall,test_8_recall,test_9_recall,test_10_recall,recall_ev,F1,val_F1,test_1_F1,test_2_F1,test_3_F1,test_4_F1,test_5_F1,test_6_F1,test_7_F1,test_8_F1,test_9_F1,test_10_F1,F1_ev,accuracy,val_accuracy,test_1_accuracy,test_2_accuracy,test_3_accuracy,test_4_accuracy,test_5_accuracy,test_6_accuracy,test_7_accuracy,test_8_accuracy,test_9_accuracy,test_10_accuracy,accuracy_ev
1,S1A+(el_sl_as),0.01844056137,0.0387259461,0.9885726748,0.9914594539,0.9779940954,0.8616735315,0.6127635531,0.7801667573,0.9337728449,0.6158390011,0.5802564082,0.9600929091,0.9778841487,0.7995981306,0.8328981929,0.9865665722,0.9144079948,0.9720049867,0.5000845599,0.6887938752,0.8768398982,0.919012484,0.7609707299,0.9627376016,0.9650953309,0.662319448,0.9507101745,0.7290332955,0.9875669778,0.9493146173,0.9736898102,0.4484884891,0.6410332177,0.8209032589,0.9262597586,0.6573170274,0.6191999825,0.9625788473,0.7381120553,0.8581664846,0.7695417596,0.9955517451,0.9915751775,0.9898855421,0.8126362695,0.9944169786,0.9822756449,0.9948887295,0.9607493083,0.927415212,0.9925494724,0.9773684608,0.9759786394,0.949822998
2,S1A+el,0.07440698892,0.1446622461,0.9890524598,0.9917656717,0.9852130136,0.4063035117,0.6190849666,0.6487007107,0.8562727386,0.5649193046,0.5270385795,0.9504758142,0.9758290996,0.7581552406,0.7154651973,0.982961486,0.9067425228,0.9597498903,0.5,0.7061328539,0.8852748411,0.659987928,0.8426072365,0.876392729,0.9675998304,0.8830144242,0.9600125155,0.7225299832,0.9859825317,0.94481427,0.9699513957,0.448308438,0.6507712134,0.7083674613,0.7194161833,0.5896694476,0.4811975909,0.9588570405,0.9240532937,0.8269365461,0.7189240486,0.9950058195,0.9909065882,0.9886953566,0.8126070235,0.9944530063,0.9554437002,0.9856372409,0.9067488776,0.7574208577,0.9916977353,0.9912043677,0.9673597548,0.92647455
3,S1A+sl,0.01725642011,0.03205187991,0.9912458034,0.9931049886,0.9843152216,0.6685716883,0.6602866146,0.7299777891,0.9786485481,0.5963933758,0.5159986802,0.9861296278,0.9147116195,0.9128806508,0.7007032122,0.9778288151,0.9107952779,0.9575183197,0.6707057941,0.6173885239,0.8489140472,0.9046821962,0.7386333384,0.7868184363,0.9409234967,0.9224030018,0.8897207381,0.8083494447,0.9844186204,0.9478135686,0.9691050014,0.6696215391,0.6354853194,0.7762547649,0.9384540737,0.6333565024,0.3959341912,0.9622912064,0.9185190935,0.9009382231,0.739130649,0.9944900089,0.9913729668,0.9883764055,0.797487047,0.996328142,0.9762162103,0.9959949917,0.9550630781,0.5804788801,0.9928790198,0.9894506666,0.9870037503,0.914395735
4,S1A+as,0.03177304193,0.03088340536,0.9733010747,0.9817674604,0.9667329206,0.7317847783,0.6295920048,0.6974038218,0.9440773422,0.5652485567,0.5121572038,0.9757221716,0.7855934213,0.812579415,0.6941977235,0.9877789407,0.9344739633,0.9752494097,0.8602654422,0.7065173365,0.8837336959,0.9450809618,0.8374117322,0.7174503444,0.9494127734,0.9537016416,0.9322164351,0.9178313298,0.9803991261,0.9567682741,0.9698302252,0.7448432675,0.659119565,0.7579343601,0.9445785628,0.590573295,0.3270439936,0.9621469841,0.8483500839,0.8617238604,0.7478541418,0.9928651174,0.9925872485,0.9882193671,0.7915829553,0.9948584239,0.9698346456,0.9960876041,0.9086399078,0.4431654612,0.9927111732,0.9747560289,0.9777370029,0.895377477
5,S1A+(sl_as),0.0226940345,0.06762297451,0.9891863691,0.9935704867,0.9788397705,0.6996075934,0.698743266,0.8122274062,0.9814212677,0.6259049469,0.5170999337,0.9907069696,0.9029773495,0.9319104621,0.7145130152,0.978746477,0.8946865186,0.9665593936,0.6448516172,0.6274721978,0.8414862596,0.9034171457,0.750456889,0.8007493705,0.9260841394,0.9013062853,0.8808326578,0.7932328169,0.9838943941,0.9380615756,0.9712325068,0.6632000146,0.6552467903,0.8261619743,0.9388545328,0.6654387233,0.4095536905,0.9558484882,0.9021399385,0.9046365964,0.7458054555,0.9942874485,0.9899456342,0.9890149434,0.821741528,0.9967093998,0.9846483866,0.9960371653,0.9648399353,0.6091849009,0.991830402,0.9874725342,0.9878877004,0.9223727332
6,S1A+(el_sl),0.01898675039,0.04962082952,0.9898497509,0.9934106991,0.9872485991,0.4063035117,0.6450049911,0.6637809951,0.9106455091,0.5660867808,0.521806944,0.9703640195,0.9752315175,0.7981261291,0.7000594704,0.9791918793,0.9003628261,0.9529079987,0.5,0.6852945246,0.8731786007,0.6465512836,0.8320788894,0.8452768843,0.9545441366,0.9035790277,0.9512041977,0.7166241887,0.9844458477,0.9415453702,0.9673167162,0.448308438,0.6626594396,0.7232339215,0.7139971091,0.5924017122,0.4506459067,0.9623017686,0.9362748327,0.857201531,0.7079101619,0.9944842021,0.99044981,0.9878124661,0.8126070235,0.9955319299,0.9614959293,0.9862791697,0.9113494025,0.6958607568,0.9926603105,0.9924399058,0.9757258097,0.9217041863
7,S1A+(el_as),0.05972889811,0.2116051614,0.9928675878,0.9924467677,0.985084744,0.5426672476,0.6860283595,0.759279973,0.8980923108,0.6232155493,0.6195049454,0.9755000461,0.9797940362,0.8417884105,0.8548615545,0.980335272,0.8876238181,0.9598457979,0.5000006532,0.6917441804,0.8820097884,0.6505120309,0.8114860977,0.9763559649,0.9526004507,0.5585176087,0.9346007593,0.7177033397,0.9864983311,0.933157039,0.9698532171,0.448311472,0.6888425578,0.8080390574,0.7165733054,0.6721297297,0.6813869588,0.963732604,0.5972157068,0.8820763797,0.7669683567,0.9952209049,0.9892240842,0.9886578454,0.8126059638,0.9963260227,0.9799537659,0.986193339,0.9591950311,0.9558607737,0.9929909176,0.9706700643,0.9819104936,0.951434962
8,S1+(el_sl_as),0.02006524801,0.03561757132,0.9785506872,0.9672042343,0.9633323896,0.5099073484,0.5875997744,0.7463440895,0.6742598357,0.6247306009,0.4933331157,0.8503922586,0.9831463723,0.6405535983,0.7469067454,0.9921208882,0.9353760969,0.9794001026,0.5000015305,0.7852660128,0.8967547997,0.6636238093,0.8045390027,0.4372604663,0.9654715269,0.717076356,0.9301595512,0.7170530629,0.985213426,0.9506666577,0.9700494714,0.4483299753,0.6329102892,0.8026017771,0.6687622637,0.6729250118,0.4573552941,0.8984762507,0.7966128172,0.6948349162,0.7307781738,0.9946234809,0.9914080302,0.9882106781,0.8125932482,0.9908987681,0.978228675,0.9773555332,0.9603144328,0.8348873986,0.9765597449,0.9810235765,0.9143244425,0.9348801931
9,S1+el,0.03610152379,0.08573206514,0.9861861053,0.9889056038,0.9812671427,0.4063035117,0.6992666816,0.7169456437,0.6981804067,0.6655013959,0.4913417226,0.9263035558,0.9879229738,0.8151963402,0.7263798969,0.9370792084,0.8668587307,0.8875788793,0.5,0.6474838328,0.8457001436,0.646846065,0.7219117331,0.3996549351,0.8526609175,0.6436922315,0.9112163456,0.6664970677,0.9599762425,0.9183041778,0.9192003454,0.448308438,0.6694705454,0.7653600907,0.6684524532,0.6892731746,0.4407770228,0.8855640744,0.7171795543,0.8561712839,0.6907207028,0.9863706165,0.9870971044,0.972085317,0.8126070235,0.9966555701,0.9742927551,0.9796418084,0.9744979011,0.7881923252,0.9792861938,0.9763596853,0.9776117537,0.9308158875
10,S1+sl,0.01447721943,0.0299236346,0.9899292605,0.9923347465,0.9785573959,0.9012847175,0.6721190199,0.8241462477,0.9699634026,0.7565619043,0.4919611254,0.980446616,0.9835535823,0.9541043632,0.8263177877,0.984249829,0.9134129722,0.9679333877,0.6076271917,0.5833077904,0.8526658066,0.8966707432,0.7057913943,0.4309754735,0.8013444845,0.7770049402,0.8526044251,0.75224774,0.9870683441,0.9490772853,0.9720642192,0.6352777182,0.6121126693,0.8377692346,0.9301021858,0.7282411335,0.4594501376,0.8681912807,0.8504726693,0.8964856946,0.7835919886,0.9953906801,0.9915517489,0.9893084632,0.8514908685,0.9966521793,0.9857126872,0.9954550001,0.9828338623,0.8499632941,0.9787103865,0.9848840502,0.9875829485,0.9505663342
11,S1+as,0.05781898648,0.05546905473,0.9672751234,0.9692900515,0.9626041364,0.9301755521,0.5958589009,0.7548867637,0.9228461367,0.6265701561,0.5195536783,0.9718981897,0.8959571954,0.8457292895,0.7876327478,0.985479534,0.9312760882,0.9756108453,0.9516548475,0.7635658847,0.8743551865,0.9495387733,0.7945484088,0.8244824413,0.9325853425,0.8995008353,0.9112711093,0.9338240482,0.9761520887,0.9493923006,0.9679924124,0.9404217138,0.6398103541,0.8024392252,0.9357669127,0.6735186833,0.4352681617,0.9512821765,0.8977204634,0.8753783965,0.8417889127,0.9912832048,0.9912446022,0.987437778,0.9627952576,0.9921379089,0.9794080522,0.9953276316,0.9617328644,0.6642538706,0.9907535977,0.9868208567,0.9815788269,0.9486849043
12,S1+sl_as,0.1301671565,0.1575624198,0.9779713355,0.9817832243,0.9744331206,0.9395411172,0.6261236766,0.8401035144,0.9449228158,0.7178956042,0.5273525499,0.985710808,0.9158485948,0.8155551351,0.8277547946,0.9753027589,0.8864793268,0.9682671035,0.9618885934,0.6389713538,0.8291193842,0.9124262653,0.6907487904,0.8739008127,0.891001395,0.7525131606,0.8046320709,0.9240796916,0.9766322473,0.9283583582,0.970193425,0.950194836,0.6322315944,0.83451622,0.9280343776,0.7033659074,0.4841153819,0.9326482807,0.812827638,0.8099878058,0.8682534102,0.9916457282,0.988354365,0.9885406494,0.9688841502,0.9955054389,0.9862662421,0.9951106177,0.9805028703,0.764046563,0.9879555172,0.9806717767,0.974796719,0.9610443327
13,S1+(el_sl),0.01915518008,0.08316972852,0.985212081,0.9901119717,0.9739355697,0.4063035117,0.7437812109,0.8644501283,0.738801944,0.8643989821,0.4922867104,0.9231694817,0.9859692274,0.7994585644,0.7890667409,0.8834411391,0.8467533952,0.8186385836,0.5,0.5671739776,0.8129611818,0.6449293091,0.6641046385,0.4495077314,0.9068185409,0.5792310101,0.9273337918,0.6471719876,0.9268606862,0.904945628,0.8598652012,0.448308438,0.6049609648,0.8366460691,0.6797727183,0.7249036878,0.4699256495,0.9148115619,0.6296713292,0.850856487,0.6906333276,0.9764904022,0.985349369,0.9555263519,0.8126070235,0.9970684052,0.9871923659,0.9818414052,0.9859909481,0.8865278032,0.9834562937,0.9720859528,0.9755342272,0.9395390193
14,S1+(el_as),0.0803071633,0.3902811408,0.9832365416,0.9903893654,0.9705836656,0.7813037502,0.7982615039,0.8973401697,0.9544218873,0.9453755961,0.4923841123,0.9895287027,0.9835838593,0.8438784122,0.7964748165,0.8598938963,0.8159236519,0.7876151542,0.500001566,0.546898915,0.8080492814,0.6175204708,0.6404285734,0.4525909446,0.8722587396,0.5052677984,0.8536298577,0.6312449297,0.9103242452,0.8824835132,0.8388405429,0.4483119235,0.5805315628,0.8467687919,0.6839900133,0.7112017189,0.4715390676,0.922013603,0.5020806911,0.8486793935,0.6761833395,0.9718847063,0.9825462023,0.9502360026,0.8126074473,0.9971750047,0.9885230594,0.9859205882,0.9866445329,0.8920004103,0.9863933987,0.9671791924,0.97928577,0.9393727832
15,L8SR+(el_sl_as),0.02564213797,0.03391205892,0.9776945019,0.9832495232,0.9757651621,0.880427433,0.8409528947,0.8690155768,0.9341469813,0.8847497667,0.9998784994,0.8815088579,0.9588224947,0.5463294814,0.8629846737,0.9837134414,0.9375614684,0.9804896539,0.9602056604,0.6706513567,0.8746558323,0.915942238,0.7342292646,0.9995025305,0.9780469296,0.5803022087,0.7978545727,0.9451284418,0.9806797074,0.9591496076,0.9773887155,0.9122628721,0.7272800301,0.8718131511,0.9248418185,0.7904898101,0.9996904421,0.9235203022,0.6303455937,0.5001702535,0.8989489287,0.9930297428,0.9929822922,0.9911994934,0.9406789144,0.9976200528,0.9891043769,0.9948113759,0.9881776174,0.9999830458,0.9829237196,0.9718606737,0.7093113793,0.9710207621
16,L8SR+el,0.01409765426,0.01265113614,0.9788028513,0.9788632583,0.9774322109,0.8890666626,0.9381211613,0.8145101807,0.9473374298,0.8653530501,0.9993006243,0.9362229626,0.9827688078,0.6347470721,0.92312715,0.9838166838,0.9754246563,0.9886603046,0.6342951824,0.6891221756,0.9156193753,0.9305735307,0.9254276875,0.9995935353,0.9763211187,0.9597454652,0.8371141868,0.8179373669,0.9812929603,0.9771370675,0.982185668,0.6712367201,0.7639460275,0.8576176174,0.9387890637,0.893002719,0.9994470356,0.9552706019,0.9709552003,0.682776999,0.8618032319,0.9932581372,0.9958928108,0.9930203756,0.8596079085,0.9980343713,0.9860517714,0.9957646264,0.9918831719,0.9999696943,0.9907343123,0.9963628981,0.9239593082,0.9688088735
17,L8SR+sl,0.0113884015,0.01274181902,0.9945392375,0.9936120849,0.9904307685,0.9252884189,0.4985421499,0.9308329172,0.9847475269,0.9378957538,0.9997580727,0.9861122157,0.9945297203,0.8822253791,0.9542791436,0.9788457757,0.9606844421,0.9771471748,0.9778855372,0.5,0.8808885467,0.9244613783,0.8970220062,0.9996152399,0.9636425066,0.9549896549,0.826227891,0.9708899932,0.9865310458,0.9765188391,0.982999358,0.9485786242,0.4992700107,0.9042503408,0.9525316441,0.9164190689,0.9996866458,0.9745788537,0.9738771234,0.8518233361,0.9624079049,0.9952476501,0.9959074974,0.9935035706,0.9666902754,0.9970842997,0.9923907386,0.9968607161,0.9944150713,0.9999828339,0.9950822194,0.9967827267,0.9814607832,0.9901481205
18,L8SR+as,0.01062253956,0.01038791798,0.9931263877,0.9907606061,0.9881931924,0.9013220087,0.8236792277,0.9527619534,0.978576723,0.9009611479,0.9936074808,0.9784395138,0.9892217858,0.6576928986,0.9308107482,0.9910503509,0.9730679544,0.9876754001,0.9691624452,0.5047896635,0.8982048714,0.9541247667,0.8897128811,0.9996800196,0.9719851824,0.9661239294,0.8373080972,0.9747283777,0.9920855649,0.9817340997,0.9874194535,0.9298347487,0.5087281418,0.9236528171,0.9660179786,0.895253642,0.9966246444,0.9751876796,0.9773731821,0.7086285219,0.9514971223,0.997168541,0.9967661222,0.9951279958,0.9535117679,0.9970972273,0.993947347,0.9976649814,0.9927614,0.9998139275,0.9951197306,0.9971658919,0.9377271864,0.986878162
19,L8SR+(sl_as),0.01906264015,0.0157748349,0.9515489522,0.9839273145,0.9724090499,0.915457164,0.5479954762,0.7809777556,0.8495953664,0.9010954493,0.9983619096,0.9206413437,0.986210772,0.5834413202,0.91014199,0.9848835532,0.9644342382,0.9876644834,0.9738270536,0.500955104,0.896218026,0.9324740029,0.8942024138,0.9997861824,0.9714423355,0.949836854,0.8037796723,0.9725627067,0.9674415707,0.9739583687,0.9793326569,0.9408216402,0.5011826797,0.828114061,0.8864301102,0.897617801,0.9990730003,0.9443918595,0.9672656435,0.6080850268,0.9386957337,0.987894249,0.9953993797,0.9918634627,0.9613437653,0.9970378876,0.9825132158,0.9910403358,0.9928858015,0.9999491374,0.9883208805,0.9959576925,0.872648663,0.9830139796
20,L8SR+(el_sl),0.01117835101,0.009474636987,0.9897124954,0.9875126514,0.9810895314,0.8405309542,0.998674042,0.8917619101,0.9651023493,0.8739168513,0.9998575744,0.9611523387,0.9899999227,0.7051323329,0.9329528289,0.9918822452,0.9756512145,0.9895218195,0.5966071104,0.5453554296,0.917881925,0.9441740967,0.9523221674,0.9996395225,0.9807860712,0.9627503323,0.8891541512,0.8039377601,0.9907942935,0.9815008318,0.9848339901,0.6185463288,0.5825028741,0.9043781172,0.9543880194,0.9092275916,0.999748524,0.9707378528,0.9759570072,0.7641935563,0.8553120748,0.9966923184,0.9967053095,0.9940711127,0.8431616889,0.9973487854,0.9916648865,0.9968560537,0.9929695129,0.9999862247,0.994081921,0.997001436,0.9536268446,0.9682430055
21,L8SR+(el_as),0.009756462649,0.009347476996,0.991177514,0.9916001843,0.9864545744,0.846019789,0.8485428885,0.8973479166,0.9527280587,0.9101173902,0.9997966534,0.9406956602,0.9945241393,0.6474641458,0.9262739777,0.9903625661,0.9730212282,0.990612167,0.6000937991,0.5002540786,0.9168055521,0.9577538674,0.9264162207,0.9996462915,0.9857332522,0.9563102222,0.8888374058,0.8048978941,0.9907696064,0.9821122145,0.9881088688,0.6236027571,0.4997786475,0.9068319743,0.9552265367,0.9181013163,0.9997214608,0.9619703214,0.9745939129,0.7022038381,0.8538445925,0.9966935264,0.9968358676,0.9953719245,0.8447011312,0.9970851474,0.9919484456,0.9968253242,0.9941457113,0.9999847412,0.9920832316,0.9968666501,0.9256983863,0.9676775402
22,L8SR+(S1_as),0.01016316563,0.01199553348,0.9951955448,0.9959748626,0.9921611615,0.9202809237,0.998465292,0.9806408089,0.9896064227,0.9311941562,0.9974835506,0.992649945,0.9950702144,0.9074453938,0.9546627145,0.9879112335,0.9614924072,0.9857916574,0.9758502597,0.5669064208,0.8616419012,0.9414181928,0.9051186787,0.9997508317,0.9556169138,0.9674742506,0.8427777806,0.974021579,0.9915188839,0.9780458869,0.988400749,0.9446551986,0.6173803366,0.9123718146,0.9642188319,0.9177336469,0.9986145387,0.973322914,0.9808479312,0.8720946127,0.9641030303,0.9969817479,0.9961791992,0.9955348969,0.9639962514,0.9974742466,0.9935207367,0.9976009793,0.9944082896,0.999923918,0.9949154324,0.9976115757,0.9841018253,0.9905644947
23,L8SR+(S1_el),0.008231859654,0.01297881175,0.9950356263,0.9939570093,0.9933697389,0.4063035117,0.9270526818,0.924095441,0.8336295799,0.9447214467,0.9999494739,0.8264932242,0.996969533,0.5623284082,0.8488522149,0.9920043405,0.96199881,0.9863185169,0.5,0.6334930859,0.9172822495,0.9011928903,0.9068640054,0.9996636978,0.9838020966,0.9483244192,0.8720192851,0.7542086307,0.9935140257,0.9773860079,0.9890296456,0.448308438,0.7030331153,0.9206598816,0.8641514116,0.9249183738,0.9998065438,0.8871519175,0.971305975,0.5382935297,0.7927066798,0.9976818085,0.996054554,0.9957817925,0.8126070235,0.9977323744,0.9933611552,0.9894489712,0.9949614207,0.9999894036,0.972184923,0.9964989556,0.7552377913,0.9538064321
24,L8SR+(S1_sl),0.006671940442,0.008928213269,0.9958921508,0.9934719427,0.9937816455,0.8538256657,0.7818622564,0.9118196092,0.9888647828,0.9269457408,0.998730654,0.988561954,0.9921479375,0.9312613608,0.9518504972,0.9925558782,0.9738855687,0.9871112217,0.6981575653,0.815902372,0.8962861209,0.9558346057,0.9055432737,0.92562629,0.969010523,0.9771156127,0.9261804735,0.8476307605,0.9942168099,0.9834588355,0.9898712029,0.7404893097,0.7979050193,0.9038960382,0.9717505525,0.9159582884,0.9592074499,0.9785620836,0.9845066473,0.9287046,0.8918302654,0.9979336209,0.9970768929,0.9961020152,0.8744455973,0.997507943,0.9920461443,0.9980752733,0.9942571852,0.9979286194,0.9958396488,0.9980428484,0.990433587,0.9753410339
25,L8SR+(S1_sl_as),0.0170861762,0.0149404807,0.9778476482,0.9840803252,0.9697985938,0.8836168855,0.8218587454,0.8891905755,0.9308648159,0.8692384875,0.9697676136,0.9572471625,0.9824771549,0.6728630762,0.913319451,0.9901128646,0.9644152887,0.9862007073,0.9636232714,0.6856296645,0.8988970144,0.9432827206,0.909889176,0.9993486206,0.9688194157,0.961839176,0.8711724055,0.9755525811,0.9838800322,0.9740214965,0.9776912732,0.9156084308,0.7353371176,0.8939808546,0.9369819237,0.8884550832,0.9840929261,0.9629515558,0.9719159837,0.7293251629,0.9418157441,0.9941464742,0.9954113324,0.991197798,0.9429736667,0.9975732168,0.9909453922,0.9954922994,0.991751141,0.999101003,0.9925706651,0.996474372,0.9419932895,0.9838907878
26,L8SR+(S1_el_sl),0.007736123633,0.01139173377,0.9955113796,0.993800033,0.9924892623,0.4063035117,0.7485427819,0.928733219,0.799771215,0.9367359982,0.9999791435,0.8673849055,0.9963201395,0.5858678442,0.8807579604,0.9920122857,0.9666045156,0.9874107917,0.5,0.5002174173,0.9154110305,0.6749686342,0.9118415822,0.9996030989,0.9881652234,0.9297556474,0.9076251449,0.7524835061,0.9937538998,0.9797754739,0.9894342374,0.448308438,0.4997057396,0.9219618011,0.7202295547,0.9239091062,0.9997910484,0.9178785442,0.9604769756,0.5995911218,0.8013884732,0.9977685928,0.9964539528,0.995926963,0.8126070235,0.9970842997,0.9935194651,0.9843629201,0.9948187934,0.9999885559,0.981036716,0.9952691396,0.8337510427,0.9573765013
27,L8SR+(S1_el_as),0.0131159313,0.02599786595,0.9963308353,0.9956568036,0.9949152694,0.8870039687,0.9377814945,0.9818133771,0.9380068467,0.9352130849,0.996835419,0.8859088036,0.9945144631,0.5841813252,0.8939978905,0.9849094151,0.9519463435,0.9812396475,0.5263179078,0.5081374236,0.8564214786,0.9362197351,0.8791758225,0.9997797333,0.986685688,0.903514813,0.8827053901,0.7611755569,0.9905352371,0.9726857083,0.987236992,0.5010620001,0.5152653883,0.9093358658,0.9371113901,0.9051913274,0.9983031003,0.9295834369,0.9440845069,0.5998798714,0.8118507145,0.9966457367,0.9952920914,0.995124605,0.8220945994,0.9971252018,0.9933444129,0.9955745273,0.9937822554,0.9999067518,0.9842200809,0.9934849209,0.8407168918,0.9596270243
28,L8SR+(S1_sl_el_as),0.01730937697,0.02900461294,0.9834344192,0.9906541287,0.9811023508,0.5101499452,0.8455830054,0.8935029495,0.8060299641,0.9211227036,0.9994748725,0.850193091,0.9921324879,0.5563990341,0.8432312932,0.9875623791,0.931339875,0.978674361,0.5000018363,0.5924084258,0.8969684445,0.6587154481,0.8427593958,0.9995349782,0.9798469667,0.8046626437,0.8395566082,0.7387155913,0.9854871195,0.9588867385,0.9788388523,0.4483337399,0.6454235279,0.8952277023,0.708018727,0.8777648084,0.9995049235,0.9032035686,0.8749402311,0.5278747382,0.7798321662,0.9947747125,0.9930342038,0.991830402,0.812590917,0.9973854489,0.9911231995,0.9843444824,0.992228402,0.9999728733,0.9772413042,0.9869920943,0.7471266852,0.9518563588
29,L8SR+(S1A_as),0.0156044215,0.01380860247,0.9802882717,0.986034064,0.9761635055,0.8817846622,0.7479707968,0.8991644573,0.9518561553,0.829897456,0.9975512684,0.956948424,0.977088681,0.6488307307,0.9115470036,0.9900315986,0.9672877391,0.9882058692,0.9627346255,0.7753138571,0.9101241187,0.9572648989,0.9481198736,0.9997365416,0.9655641726,0.9791724019,0.8663339902,0.9777867156,0.9850969185,0.9764563103,0.9817515363,0.9140024333,0.7609214998,0.9045662002,0.9545437928,0.879569062,0.9986414412,0.9612108287,0.9781280999,0.7020908344,0.9416968475,0.9946027756,0.9958370527,0.9928372701,0.9417875078,0.9970664978,0.9918393029,0.9967755212,0.9900415209,0.9999254015,0.9922464159,0.9971881443,0.9294586182,0.9837788688
30,L8SR+(S1A_el),0.008421249688,0.01049528643,0.9913066098,0.9871842534,0.9846438474,0.907560184,0.9985443686,0.8971150225,0.851324112,0.8981423646,0.9976930525,0.8039784134,0.9886668012,0.5482301325,0.8680779156,0.9936079428,0.9766388161,0.9911375676,0.9569528745,0.5007631923,0.9186261176,0.969112146,0.9181606381,0.9996394118,0.9805022214,0.974469016,0.8294652218,0.9682831908,0.9924538279,0.9818474667,0.9873912273,0.9294575129,0.5007951817,0.9075719802,0.9013461242,0.9078954796,0.9986642777,0.8686002359,0.9814555466,0.4866356423,0.9108262281,0.9972882589,0.9967626572,0.9950813717,0.9543603261,0.9970887502,0.9919921027,0.9918736352,0.993382136,0.999926673,0.966278712,0.9976556566,0.6743231879,0.9738875919
31,L8SR+(S1A_sl),0.007198366802,0.009557213634,0.9956442745,0.9942874166,0.9938441768,0.8245554416,0.7342413601,0.9424147896,0.9872601975,0.8660261579,0.9921435954,0.9879231137,0.9888373489,0.8542345943,0.8994238757,0.9934477763,0.973164572,0.9895196629,0.9216563349,0.8208944402,0.8904134918,0.9644184201,0.9580114061,0.9998113148,0.9732346758,0.9834726128,0.9577728042,0.9692449951,0.9945429036,0.9834702916,0.9913406119,0.8580979182,0.7707393127,0.9147137857,0.9755547992,0.9066428197,0.9959469502,0.9804527899,0.9861390833,0.8987340341,0.9309439759,0.9980478923,0.9970834414,0.9966581133,0.8996304406,0.996840583,0.9932280646,0.9983166589,0.992632548,0.9997762044,0.996187422,0.9982316759,0.9843224419,0.9806622399
32,L8SR+(S1A_sl_as),0.007194171194,0.04044413939,0.9856291864,0.983394863,0.9838667012,0.8169201888,0.9530907731,0.9315070391,0.9700220809,0.8646693054,0.9703683865,0.9638792447,0.9849085991,0.7570756231,0.8991700057,0.9485681555,0.9521215714,0.953518327,0.8579669944,0.5010899559,0.8663377942,0.9755992646,0.957674188,0.8278010084,0.91287765,0.9787964511,0.9021878816,0.9157992886,0.9661634345,0.9671783992,0.9728205161,0.8347662612,0.5014467725,0.8961344282,0.97279358,0.9056639307,0.8860076149,0.9367126088,0.9818316999,0.811602702,0.9072813362,0.9883296119,0.9942736308,0.9896905687,0.8926537832,0.9970900218,0.9918990665,0.998070187,0.9925429026,0.9946988424,0.9881543054,0.9976840549,0.9673114353,0.9756399367
33,L8SR+(S1A_el_sl),0.01060666796,0.01592895761,0.9876577539,0.985180822,0.9803768912,0.7911699361,0.8257336042,0.8794604163,0.6707585692,0.9193518895,0.9999084882,0.7057928921,0.993440032,0.5411934019,0.7761143305,0.9925078429,0.9539704526,0.9843832132,0.5053409059,0.7094431329,0.9134427033,0.8444601434,0.9278247722,0.9994648174,0.9589800436,0.8457009575,0.7976695926,0.7451706833,0.9900673853,0.9690004851,0.9812037485,0.4599554533,0.7548678384,0.8956836008,0.7258719565,0.9235442012,0.9996865514,0.7709184063,0.9057056474,0.4509988997,0.7595093744,0.9964213053,0.994590505,0.9926967621,0.8141089545,0.9976579878,0.9908061557,0.9707400004,0.9945871565,0.9999828339,0.9254718357,0.9897049798,0.6131922404,0.9415588167
34,L8SR+(S1A_el_as),0.0120322844,0.01259972807,0.9661255094,0.9813170989,0.9755164279,0.9063035978,0.7770797571,0.8189169894,0.9486955164,0.8429139941,0.9967979027,0.8904876236,0.9881549546,0.5672681055,0.8605279819,0.9914402359,0.9750997213,0.9923349428,0.5000005655,0.7908932146,0.9233640107,0.9009837797,0.9559248721,0.9997868246,0.9834345833,0.9267446427,0.8551535045,0.7578373706,0.9783486089,0.9781859463,0.983731122,0.4483096214,0.7838171118,0.8633268915,0.9234480004,0.8910293453,0.998287751,0.9312685041,0.955241777,0.5616790505,0.799094639,0.9920260959,0.9960925102,0.9935777452,0.8126072354,0.9974233839,0.9865760803,0.9948887295,0.9910998874,0.9999059041,0.9847575294,0.9946187337,0.7972299788,0.9555719588
35,L8SR+(S1A_sl_el_as),0.01358725689,0.02485837787,0.9943874994,0.9935855322,0.9894440762,0.4063035117,0.4985421468,0.9823325692,0.8612753688,0.9705477851,0.9998563693,0.8305074493,0.9923388157,0.5545314756,0.8392635957,0.9790652976,0.9357983992,0.9657999805,0.5,0.4999989373,0.8394018548,0.9016345112,0.7754202863,0.9995556082,0.9791753647,0.8401789145,0.8434979655,0.7364654321,0.9865724789,0.9627051922,0.9772382462,0.448308438,0.4992694793,0.8979108804,0.8803378626,0.8466117463,0.9997059422,0.8887917714,0.901437751,0.5167762914,0.7769559103,0.995260493,0.9936684291,0.9913836585,0.8126070235,0.9970821804,0.9926600986,0.9910903507,0.9914697011,0.9999838935,0.9729525248,0.9892993503,0.726339976,0.9511853748
36,L8SR+S1,0.006740289275,0.007903674617,0.9919198658,0.987577417,0.9877025849,0.7987068965,0.6800911098,0.9518684232,0.9773919948,0.8521198477,0.9725518753,0.9793571918,0.9807655214,0.8551850504,0.9120814701,0.9951993059,0.9819120485,0.9900566157,0.7659719415,0.8596998636,0.909178753,0.9751287476,0.9437175877,0.9464508777,0.9787966545,0.9863426882,0.9610173404,0.8917215194,0.9935525982,0.9847263436,0.9888758549,0.7804993727,0.7396510756,0.9294154239,0.9762575781,0.8923932244,0.9591198391,0.9790767385,0.9835368121,0.9005449976,0.9015951783,0.9976808124,0.9972622871,0.9956747691,0.8734821743,0.9954605103,0.9943269094,0.9983297984,0.9914745755,0.9978220198,0.9958591461,0.9978758494,0.9845642514,0.9752987968
37,L8SR+S1A,0.0105389338,0.0185880661,0.9941263399,0.9944732872,0.9897568364,0.7943410758,0.7536809549,0.9243234956,0.9848985911,0.9310984511,0.9565083794,0.9844013096,0.9882963392,0.9172730743,0.919850218,0.985940358,0.9452919515,0.9656418826,0.7423432906,0.7241079396,0.8724915579,0.9125552085,0.8895926413,0.9988339366,0.9575763954,0.9604971242,0.9447497892,0.8634127897,0.9899896365,0.9684586017,0.977300286,0.7635773127,0.737971402,0.896640137,0.9457038679,0.9092544226,0.9767044126,0.9705599825,0.9739597198,0.9305352348,0.8892335735,0.9964408451,0.9945954005,0.9914112091,0.8683270348,0.9971304999,0.9918130239,0.9964565701,0.9939456516,0.9986644321,0.9943313599,0.9967545403,0.9903149075,0.9733981874